ID,Question
1,Walk me through your resume.
2,What is your greatest strength?
3,What is your biggest weakness?
4,Tell me about a challenge you overcame.
5,How do you prioritize tasks under pressure?
6,Describe a time you failed and what you learned.
7,What is your preferred working style?
8,How do you stay motivated in repetitive tasks?
9,Tell me about an accomplishment you’re proud of.
10,Why should we choose you over other candidates?
11,What are your career goals?
12,How do you learn new skills?
13,Tell me about your education background.
14,Describe a time you showed problem-solving skills.
15,How do you balance multiple tasks?
16,What is your dream job?
17,How do you handle constructive criticism?
18,What drives you to perform well?
19,What skills make you stand out?
20,How do you stay updated in your field?
21,What is your biggest professional achievement?
22,Describe a time you went beyond expectations.
23,How do you manage stress?
24,What role do you usually take in a team?
25,What makes you unique as a candidate?
26,What’s one thing you want to improve about yourself?
27,Describe a time you worked with diverse people.
28,How do you handle disagreements?
29,What are your short-term goals?
30,What are your long-term goals?
31,How do you adapt to new situations?
32,What do you value most in a workplace?
33,What motivates you daily?
34,What is one recent skill you learned?
35,How do you measure success?
36,What do you enjoy learning about?
37,What role does technology play in your life?
38,What makes a good team member?
39,What do you look for in a company?
40,What do you think of failure?
41,How do you describe your work ethic?
42,What soft skills do you have?
43,What technical skills do you have?
44,What inspires you?
45,What kind of projects excite you?
46,What do you enjoy doing outside of work?
47,What are your communication strengths?
48,How do you keep yourself disciplined?
49,What motivates you to join this field?
50,What legacy do you want to leave behind?
